ID,Title,Content,Excerpt,Date,"Post Type",Permalink
37,"Original Ideas","It is a long established fact that a reader will be distracted by the readable content",,"2023-11-19 13:25:34",post,http://localhost:8009/do/original-ideas/
40,"Great apps","It is a long established fact that a reader will be distracted by the readable content",,"2023-11-19 13:26:55",post,http://localhost:8009/do/great-apps/
44,"High Resolution","It is a long established fact that a reader will be distracted by the readable content",,"2023-11-19 13:27:57",post,http://localhost:8009/do/high-resolution/
47,"Fast Loading","It is a long established fact that a reader will be distracted by the readable content",,"2023-11-19 13:28:34",post,http://localhost:8009/do/fast-loading/
50,"Adobe Photoshop",,,"2023-11-19 14:12:26",post,http://localhost:8009/skill/pppp/
56,"Adobe Ilustrator",,,"2023-11-19 15:30:35",post,http://localhost:8009/skill/adobe-ilustrator/
59,"After Effects",,,"2023-11-19 15:31:47",post,http://localhost:8009/skill/after-effects/
62,"Adobe XD",,,"2023-11-19 15:34:32",post,http://localhost:8009/skill/adobe-xd/
65,"Logo Design",,,"2023-11-25 16:07:38",post,http://localhost:8009/our_portfolio/logo-design/
68,Coding,,,"2023-11-24 16:08:25",post,http://localhost:8009/our_portfolio/coding/
71,"Bike Design",,,"2023-11-23 16:08:54",post,http://localhost:8009/our_portfolio/bike-design/
74,"Flower Design",,,"2023-11-22 16:09:29",post,http://localhost:8009/our_portfolio/flower-design/
77,"Website Design",,,"2023-11-21 16:10:06",post,http://localhost:8009/our_portfolio/website-design/
80,"More Design",,,"2023-11-20 16:10:41",post,http://localhost:8009/our_portfolio/more-design/
85,"SMIRTH JON","It is a long established fact that a reader will be distracted by the readable content of a page when looking at its layout. The point of using Lorem Ipsum is that it has a more-or-less normal distribution of letters, as opposed to using 'Content here, content here', making it look like readable English. Many desktop publishing packages and web page editors now use Lorem Ipsum as their default model It is a long established fact that a reader will be distracted by the readable content of a page when looking at its layout. The point of using Lorem Ipsum is that it has a more-or-less normal distribution of letters, as opposed to using 'Content here, content here', making it look like readable English. Many desktop publishing packages and web page editors now use Lorem Ipsum as their default model",,"2023-11-29 16:57:06",post,http://localhost:8009/testimonial/smirth-jon/
88,"SMIRTH DEN","It is a long established fact that a reader will be distracted by the readable content of a page when looking at its layout. The point of using Lorem Ipsum is that it has a more-or-less normal distribution of letters, as opposed to using 'Content here, content here', making it look like readable English. Many desktop publishing packages and web page editors now use Lorem Ipsum as their default model It is a long established fact that a reader will be distracted by the readable content of a page when looking at its layout. The point of using Lorem Ipsum is that it has a more-or-less normal distribution of letters, as opposed to using 'Content here, content here', making it look like readable English. Many desktop publishing packages and web page editors now use Lorem Ipsum as their default model",,"2023-11-29 16:58:41",post,http://localhost:8009/testimonial/smirth-den/
91,"SMIRTH JON2","It is a long established fact that a reader will be distracted by the readable content of a page when looking at its layout. The point of using Lorem Ipsum is that it has a more-or-less normal distribution of letters, as opposed to using 'Content here, content here', making it look like readable English. Many desktop publishing packages and web page editors now use Lorem Ipsum as their default model It is a long established fact that a reader will be distracted by the readable content of a page when looking at its layout. The point of using Lorem Ipsum is that it has a more-or-less normal distribution of letters, as opposed to using 'Content here, content here', making it look like readable English. Many desktop publishing packages and web page editors now use Lorem Ipsum as their default model",,"2023-11-29 17:00:31",post,http://localhost:8009/testimonial/smirth-jon2/
93,"SMIRTH DEN2","It is a long established fact that a reader will be distracted by the readable content of a page when looking at its layout. The point of using Lorem Ipsum is that it has a more-or-less normal distribution of letters, as opposed to using 'Content here, content here', making it look like readable English. Many desktop publishing packages and web page editors now use Lorem Ipsum as their default model It is a long established fact that a reader will be distracted by the readable content of a page when looking at its layout. The point of using Lorem Ipsum is that it has a more-or-less normal distribution of letters, as opposed to using 'Content here, content here', making it look like readable English. Many desktop publishing packages and web page editors now use Lorem Ipsum as their default model",,"2023-11-29 17:01:06",post,http://localhost:8009/testimonial/smirth-den2/
101,Zas,"It is a long established fact that a reader will be distracted by the readable content of a page when looking at its layout. The point of using Lorem Ipsum is that it has a more-or-less normal distribution of letters, as opposed to using 'Content here, content here', making it look like readable English. Many desktop publishing packages and web page editors now use Lorem Ipsum as their default model It is a long established fact that a reader will be distracted by the readable content of a page when looking at its layout. The point of using Lorem Ipsum is that it has a more-or-less normal distribution of letters, as opposed to using 'Content here, content here', making it look like readable English. Many desktop publishing packages and web page editors now use Lorem Ipsum as their default modelbbb",,"2023-11-30 21:51:01",post,http://localhost:8009/testimonial/zas/
103,Sas,"It is a long established fact that a reader will be distracted by the readable content of a page when looking at its layout. The point of using Lorem Ipsum is that it has a more-or-less normal distribution of letters, as opposed to using 'Content here, content here', making it look like readable English. Many desktop publishing packages and web page editors now use Lorem Ipsum as their default model It is a long established fact that a reader will be distracted by the readable content of a page when looking at its layout. The point of using Lorem Ipsum is that it has a more-or-less normal distribution of letters, as opposed to using 'Content here, content here', making it look like readable English. Many desktop publishing packages and web page editors now use Lorem Ipsum as their default model",,"2023-11-30 21:51:28",post,http://localhost:8009/testimonial/sas/
